{
	"class_name" : "PinholeCameraParameters",
	"extrinsic" : 
	[
		0.65165445405844624,
		0.073591523177706356,
		-0.75493758697138258,
		0.0,
		0.75833562846759839,
		-0.084910639525991705,
		0.64631049650453598,
		0.0,
		-0.016539259428440603,
		-0.99366718322166214,
		-0.11113947042291741,
		0.0,
		-2.25907352727697,
		7.5636829056048711,
		-13.289844735158557,
		1.0
	],
	"intrinsic" : 
	{
		"height" : 1025,
		"intrinsic_matrix" : 
		[
			887.67603887904966,
			0.0,
			0.0,
			0.0,
			887.67603887904966,
			0.0,
			926.0,
			512.0,
			1.0
		],
		"width" : 1853
	},
	"version_major" : 1,
	"version_minor" : 0
}