{
	"class_name" : "PinholeCameraParameters",
	"extrinsic" : 
	[
		-0.01275630291269679,
		-0.15457242544707897,
		0.98789910518605439,
		0.0,
		-0.99972453947635598,
		-0.017494029473172381,
		-0.015646216845612581,
		0.0,
		0.01970080974954274,
		-0.98782656586275253,
		-0.15430668770670095,
		0.0,
		1.8122171661140156,
		6.69186101014696,
		-0.42966658477616337,
		1.0
	],
	"intrinsic" : 
	{
		"height" : 1025,
		"intrinsic_matrix" : 
		[
			887.67603887904966,
			0.0,
			0.0,
			0.0,
			887.67603887904966,
			0.0,
			926.0,
			512.0,
			1.0
		],
		"width" : 1853
	},
	"version_major" : 1,
	"version_minor" : 0
}